Workbook

Sheet M Horaria
R1: Ind. Flexibilidade Horario
R2: EOLICA | S2: Up | T2: Down
A3: Tecnologia | B3: IF Up P1 | C3: IF Up P2 | D3: IF Up P4 | E3: IF Up P6 | R3: Ind Flex P1 | S3: 0.65572872 | T3: 0.54679022
A4: Multi-Combustível Diesel/Óleo | B4: 0.75525658 | C4: 0.77954825 | D4: 0.79554825 | E4: 0.79554825 | R4: Ind Flex P2 | S4: 0.72019119 | T4: 0.61720643
A5: Óleo Diesel | B5: 0.84313993 | C5: 0.94571005 | D5: 0.96293781 | E5: 0.96654106 | R5: Ind Flex P4 | S5: 0.75168107 | T5: 0.64038452
A6: Óleo Combustível | B6: 0.8880758 | C6: 0.96290029 | D6: 0.98577203 | E6: 0.98920523 | R6: Ind Flex P6 | S6: 0.76287587 | T6: 0.64848233
A7: Gás | B7: 0.6562864 | C7: 0.74606293 | D7: 0.81316183 | E7: 0.83377754 | R7: SOLAR | S7: Up | T7: Down
A8: Nuclear | B8: 0.32825338 | C8: 0.41129711 | D8: 0.50926762 | E8: 0.54605969 | R8: Ind Flex P1 | S8: 0.65572872 | T8: 0.36998049
A9: Outras Multi-Combustível | B9: 0.76431971 | C9: 0.81652994 | D9: 0.81568665 | E9: 0.81484345 | R9: Ind Flex P2 | S9: 0.72019119 | T9: 0.45093031
A10: Biomassa | B10: 0.62063494 | C10: 0.66447903 | D10: 0.68625535 | E10: 0.70230901 | R10: Ind Flex P4 | S10: 0.75168107 | T10: 0.5330099
A11: Hidráulica | B11: 0.52208527 | C11: 0.59552646 | D11: 0.63811975 | E11: 0.65479323 | R11: Ind Flex P6 | S11: 0.76287587 | T11: 0.58354356
A12: Resíduos Industriais | B12: 0.42755732 | C12: 0.49057321 | D12: 0.56183715 | E12: 0.56593195
A13: Carvão | B13: 0.47380985 | C13: 0.57351411 | D13: 0.71399974 | E13: 0.76126779 | R13: Rampas
A14: Eólica | B14: {=TRANSPOSE(T3:T6)} -> 0.54679022 | C14: 0.61720643 | D14: 0.64038452 | E14: 0.64848233 | R14: EOLICA | S14: Média | T14: Total
A15: Solar | B15: {=TRANSPOSE(O29:O32)} -> 0.77587262 | C15: 0.85682244 | D15: 0.93890202 | E15: 0.98943569 | R15: Ramp Up P1 | S15: 223.314 | T15: =S15*1 -> 223.314
A16: Demanda | B16: =I30 -> 0.32978166 | C16: =I29 -> 0.35159816 | D16: =I28 -> 0.39057617 | E16: =I31 -> 0.41023247 | R16: Ramp Down P1 | S16: -232.28741 | T16: =S16*1 -> -232.28741
R17: Ramp Up P2 | S17: 131.17723 | T17: =S17*2 -> 262.35447
R18: Ramp Down P2 | S18: -140.69097 | T18: =S18*2 -> -281.38193
R19: Ramp Up P4 | S19: 71.4265 | T19: =S19*4 -> 285.706
R20: Ramp Down P4 | S20: -73.862336 | T20: =S20*4 -> -295.44934
R21: Ramp Up P6 | S21: 48.786431 | T21: =S21*6 -> 292.71859
H22: Ind. Flexibilidade Médio P4 | M22: Ind. Flexibilidade Médio | R22: Ramp Down P6 | S22: -50.052203 | T22: =S22*6 -> -300.31322
H23: DEMANDA | I23: Flex Up | J23: Flex Down | M23: EOLICA | N23: Up | O23: Down | R23: SOLAR | S23: Média | T23: Total
H24: N | I24: 0.27963347 | J24: 0.29080664 | M24: Ind Flex P1 | N24: 0.84503944 | O24: 0.8573639 | R24: Ramp Up P1 | S24: 556.674 | T24: =S24*1 -> 556.674
H25: NE | I25: 0.4016011 | J25: 0.36349409 | M25: Ind Flex P2 | N25: 0.90950191 | O25: 0.92778011 | R25: Ramp Down P1 | S25: -587.02351 | T25: =S25*1 -> -587.02351
H26: S | I26: 0.46817682 | J26: 0.4708178 | M26: Ind Flex P4 | N26: 0.94099179 | O26: 0.9509582 | R26: Ramp Up P2 | S26: 362.82334 | T26: =S26*2 -> 725.64668
H27: SE | I27: 0.376176 | J27: 0.36749657 | M27: Ind Flex P6 | N27: 0.95218659 | O27: 0.95905601 | R27: Ramp Down P2 | S27: -399.42194 | T27: =S27*2 -> -798.84389
H28: SIN | I28: 0.39057617 | J28: 0.38114741 | K28: P4 | M28: SOLAR | N28: Up | O28: Down | R28: Ramp Up P4 | S28: 280.06486 | T28: =S28*4 -> 1120.2594
I29: 0.35159816 | J29: 0.34927509 | K29: P2 | M29: Ind Flex P1 | N29: 0.77138055 | O29: 0.77587262 | R29: Ramp Down P4 | S29: -268.3106 | T29: =S29*4 -> -1073.2424
I30: 0.32978166 | J30: 0.32737189 | K30: P1 | M30: Ind Flex P2 | N30: 0.83966181 | O30: 0.85682244 | R30: Ramp Up P6 | S30: 215.47446 | T30: =S30*6 -> 1292.8468
I31: 0.41023247 | J31: 0.39803606 | K31: P6 | M31: Ind Flex P4 | N31: 0.94894591 | O31: 0.93890202 | R31: Ramp Down P6 | S31: -211.83087 | T31: =S31*6 -> -1270.9852
M32: Ind Flex P6 | N32: 0.9952252 | O32: 0.98943569

Sheet M Ponderada
A3: Tecnologia | B3: IF Up P1 | C3: IF Up P2 | D3: IF Up P4 | E3: IF Up P6
A4: Multi-Combustível Diesel/Óleo | B4: 0.95970833 | C4: 0.984 | D4: 1 | E4: 1
A5: Óleo Diesel | B5: 0.86418825 | C5: 0.96675837 | D5: 0.98398613 | E5: 0.98758939
A6: Óleo Combustível | B6: 0.89638408 | C6: 0.97120857 | D6: 0.99408031 | E6: 0.99751351
A7: Gás | B7: 0.76318377 | C7: 0.8529603 | D7: 0.9200592 | E7: 0.94067491
A8: Nuclear | B8: 0.76575322 | C8: 0.84879696 | D8: 0.94676747 | E8: 0.98355954
A9: Outras Multi-Combustível | B9: 0.89713122 | C9: 0.94934145 | D9: 0.94849815 | E9: 0.94765496
A10: Biomassa | B10: 0.77699054 | C10: 0.82083463 | D10: 0.84261095 | E10: 0.85866461
A11: Hidráulica | B11: 0.72140698 | C11: 0.79484817 | D11: 0.84488029 | E11: 0.86167983
A12: Resíduos Industriais | B12: 0.7265675 | C12: 0.78958339 | D12: 0.86084732 | E12: 0.86494212
A13: Carvão | B13: 0.65068567 | C13: 0.75038994 | D13: 0.89087557 | E13: 0.93814362

Sheet M Historico
A1: id_subsistema | B1: (Tudo)
A3: Rótulos de Linha | B3: IF Up P1 | C3: IF Up P2 | D3: IF Up P4 | E3: IF Up P6
A4: Multi-Combustível Diesel/Óleo | B4: 0.95970833 | C4: 0.984 | D4: 1 | E4: 1
A5: Óleo Diesel | B5: 0.91817708 | C5: 0.981355 | D5: 0.99285365 | E5: 0.99515387
A6: Óleo Combustível | B6: 0.85657664 | C6: 0.94843567 | D6: 0.97978024 | E6: 0.98687379
A7: Gás | B7: 0.83486047 | C7: 0.90198524 | D7: 0.93760604 | E7: 0.94989446
A8: Nuclear | B8: 0.82562232 | C8: 0.88692502 | D8: 0.95927135 | E8: 0.98643118
A9: Outras Multi-Combustível | B9: 0.82302752 | C9: 0.86802076 | D9: 0.86777625 | E9: 0.86767328
A10: Biomassa | B10: 0.80922418 | C10: 0.86695152 | D10: 0.89127593 | E10: 0.90497344
A11: Hidráulica | B11: 0.80471803 | C11: 0.86534928 | D11: 0.88672068 | E11: 0.89308496
A12: Resíduos Industriais | B12: 0.73713495 | C12: 0.79687029 | D12: 0.8389338 | E12: 0.84632253
A13: Carvão | B13: 0.64289295 | C13: 0.73265599 | D13: 0.85690606 | E13: 0.90075518

Sheet So Dados
A3: Rótulos de Linha | B3: Média de Ind Flex Up P1
A4: Biomassa | B4: 0.56400473
A5: Carvão | B5: 0.64289295
A6: Eólica | B6: 0.80257645
A7: Fotovoltaica | B7: 0.81423719
A8: Gás | B8: 0.77522758
A9: Hidráulica | B9: 0.75182577
A10: Multi-Combustível Diesel/Óleo | B10: 0.95970833
A11: Nuclear | B11: 0.82562232
A12: Óleo Combustível | B12: 0.68526132
A13: Óleo Diesel | B13: 0.15302951
A14: Outras Multi-Combustível | B14: 0.78724372
A15: Resíduos Industriais | B15: 0.66342145

Sheet Analise (2)
E1: Passo 1 | G1: Passo 2 | I1: Passo 4 | K1: Passo 6
A2: id_subsistema | B2: nom_usina | C2: nom_tipousina | D2: nom_tipocombustivel | E2: Ind Flex Up P1 | F2: Ind Flex Down P1 | G2: Ind Flex Up P2 | H2: Ind Flex Down P2 | I2: Ind Flex Up P4 | J2: Ind Flex Down P4 | K2: Ind Flex Up P6 | L2: Ind Flex Down P6
A3: N | B3: Aparecida | C3: TÉRMICA | D3: Gás | E3: 0.75390999 | F3: 0.88878394 | G3: 0.81008403 | H3: 0.90802139 | I3: 0.86471283 | J3: 0.9085874 | K3: 0.9116397 | L3: 0.90731995
A4: N | B4: BBF Baliza | C4: TÉRMICA | D4: Biomassa | E4: 0.75936446 | F4: 0.77865526 | G4: 0.8097765 | H4: 0.76176801 | I4: 0.76298539 | J4: 1 | K4: 0.79482457 | L4: 0.96753652
A5: N | B5: Balbina | C5: HIDROELÉTRICA | D5: Hidráulica | E5: 0.84816004 | F5: 0.81427373 | G5: 0.89179536 | H5: 0.85379549 | I5: 0.87631681 | J5: 0.85550351 | K5: 0.87738663 | L5: 0.85900342
A6: N | B6: Belo Monte | C6: HIDROELÉTRICA | D6: Hidráulica | E6: 0.64430347 | F6: 0.66310677 | G6: 0.77210175 | H6: 0.77581542 | I6: 0.87297677 | J6: 0.87899987 | K6: 0.93352766 | L6: 0.90122099
A7: N | B7: Bonfim | C7: TÉRMICA | D7: Biomassa | E7: 0.88337413 | F7: 0.93491071 | G7: 0.9747983 | H7: 0.98535944 | I7: 0.97860575 | J7: 0.98535944 | K7: 0.97189738 | L7: 0.98535944
A8: N | B8: Cachoeira Caldeirão | C8: HIDROELÉTRICA | D8: Hidráulica | E8: 0.76804042 | F8: 0.85243578 | G8: 0.84708019 | H8: 0.86445495 | I8: 0.86070581 | J8: 0.86450858 | K8: 0.88897593 | L8: 0.86570933
A9: N | B9: Cantá | C9: TÉRMICA | D9: Biomassa | E9: 0.95594549 | F9: 0.93195819 | G9: 0.97983946 | H9: 0.98305955 | I9: 0.98441292 | J9: 0.98445959 | K9: 0.98585962 | L9: 0.98445959
A10: N | B10: Coaracy Nunes | C10: HIDROELÉTRICA | D10: Hidráulica | E10: 0.86906237 | F10: 0.8681463 | G10: 0.98101846 | H10: 0.97027482 | I10: 0.97494275 | J10: 0.98577395 | K10: 0.97812205 | L10: 0.98579415
A11: N | B11: Cristiano Rocha | C11: TÉRMICA | D11: Gás | E11: 0.788419 | F11: 0.91141751 | G11: 0.92073376 | H11: 0.93228591 | I11: 0.93252032 | J11: 0.93238808 | K11: 0.93241814 | L11: 0.93243617
A12: N | B12: Curuá-Una | C12: HIDROELÉTRICA | D12: Hidráulica | E12: 0.80899057 | F12: 0.80068929 | G12: 0.96766511 | H12: 0.96719566 | I12: 0.96836356 | J12: 0.96623386 | K12: 0.96720711 | L12: 0.9629706
A13: N | B13: Distrito | C13: TÉRMICA | D13: Óleo Combustível | E13: 0.88699755 | F13: 0.90952206 | G13: 0.97844363 | H13: 0.99007353 | I13: 0.99431373 | J13: 0.99599265 | K13: 0.99803922 | L13: 1
A14: N | B14: Estreito | C14: HIDROELÉTRICA | D14: Hidráulica | E14: 0.81795422 | F14: 0.74799413 | G14: 0.90448401 | H14: 0.86989373 | I14: 0.9237882 | J14: 0.91100935 | K14: 0.99175106 | L14: 0.91631243
... A369: SE | B369: Água Vermelha | C369: HIDROELÉTRICA | D369: Hidráulica | E369: 0.73626514 | F369: 0.74685978 | G369: 0.80662104 | H369: 0.81141813 | I369: 0.83293044 | J369: 0.84710573 | K369: 0.84305364 | L369: 0.85225168

Sheet Analise
E1: Passo 1 | G1: Passo 2 | I1: Passo 4 | K1: Passo 6
A2: id_subsistema | B2: nom_usina | C2: nom_tipousina | D2: nom_tipocombustivel | E2: Ind Flex Up P1 | F2: Ind Flex Down P1 | G2: Ind Flex Up P2 | H2: Ind Flex Down P2 | I2: Ind Flex Up P4 | J2: Ind Flex Down P4 | K2: Ind Flex Up P6 | L2: Ind Flex Down P6
A3: N | B3: Alto Jatapu | C3: HIDROELÉTRICA | D3: Hidráulica | E3: {='Passo 1'!I2:I773} -> 0 | F3: {='Passo 1'!J2:J773} -> 0 | G3: {='Passo 2'!I2:I773} -> 0 | H3: {='Passo 2'!J2:J773} -> 0 | I3: {='Passo 4'!I2:I773} -> 0 | J3: {='Passo 4'!J2:J773} -> 0 | K3: {='Passo 6'!I2:I773} -> 0 | L3: {='Passo 6'!J2:J773} -> 0
A4: N | B4: Aparecida | C4: TÉRMICA | D4: Gás | E4: 0.75390999 | F4: 0.88878394 | G4: 0.81008403 | H4: 0.90802139 | I4: 0.86471283 | J4: 0.9085874 | K4: 0.9116397 | L4: 0.90731995
A5: N | B5: BBF Baliza | C5: TÉRMICA | D5: Biomassa | E5: 0.75936446 | F5: 0.77865526 | G5: 0.8097765 | H5: 0.76176801 | I5: 0.76298539 | J5: 1 | K5: 0.79482457 | L5: 0.96753652
A6: N | B6: Balbina | C6: HIDROELÉTRICA | D6: Hidráulica | E6: 0.84816004 | F6: 0.81427373 | G6: 0.89179536 | H6: 0.85379549 | I6: 0.87631681 | J6: 0.85550351 | K6: 0.87738663 | L6: 0.85900342
A7: N | B7: Belo Monte | C7: HIDROELÉTRICA | D7: Hidráulica | E7: 0.64430347 | F7: 0.66310677 | G7: 0.77210175 | H7: 0.77581542 | I7: 0.87297677 | J7: 0.87899987 | K7: 0.93352766 | L7: 0.90122099
A8: N | B8: Bonfim | C8: TÉRMICA | D8: Biomassa | E8: 0.88337413 | F8: 0.93491071 | G8: 0.9747983 | H8: 0.98535944 | I8: 0.97860575 | J8: 0.98535944 | K8: 0.97189738 | L8: 0.98535944
A9: N | B9: Cachoeira Caldeirão | C9: HIDROELÉTRICA | D9: Hidráulica | E9: 0.76804042 | F9: 0.85243578 | G9: 0.84708019 | H9: 0.86445495 | I9: 0.86070581 | J9: 0.86450858 | K9: 0.88897593 | L9: 0.86570933
A10: N | B10: Cantá | C10: TÉRMICA | D10: Biomassa | E10: 0.95594549 | F10: 0.93195819 | G10: 0.97983946 | H10: 0.98305955 | I10: 0.98441292 | J10: 0.98445959 | K10: 0.98585962 | L10: 0.98445959
A11: N | B11: Coaracy Nunes | C11: HIDROELÉTRICA | D11: Hidráulica | E11: 0.86906237 | F11: 0.8681463 | G11: 0.98101846 | H11: 0.97027482 | I11: 0.97494275 | J11: 0.98577395 | K11: 0.97812205 | L11: 0.98579415
A12: N | B12: Conj. Paulino Neves | C12: EOLIELÉTRICA | D12: Eólica | E12: 0.88998928 | F12: 0.881938 | G12: 0.96200881 | H12: 0.94935715 | I12: 0.99042613 | J12: 0.98316815 | K12: 0.98559634 | L12: 0.98981275
A13: N | B13: Cristiano Rocha | C13: TÉRMICA | D13: Gás | E13: 0.788419 | F13: 0.91141751 | G13: 0.92073376 | H13: 0.93228591 | I13: 0.93252032 | J13: 0.93238808 | K13: 0.93241814 | L13: 0.93243617
A14: N | B14: Curuá-Una | C14: HIDROELÉTRICA | D14: Hidráulica | E14: 0.80899057 | F14: 0.80068929 | G14: 0.96766511 | H14: 0.96719566 | I14: 0.96836356 | J14: 0.96623386 | K14: 0.96720711 | L14: 0.9629706
A15: N | B15: Distrito | C15: TÉRMICA | D15: Óleo Combustível | E15: 0.88699755 | F15: 0.90952206 | G15: 0.97844363 | H15: 0.99007353 | I15: 0.99431373 | J15: 0.99599265 | K15: 0.99803922 | L15: 1
... A774: SE | B774: Água Vermelha | C774: HIDROELÉTRICA | D774: Hidráulica | E774: 0.73626514 | F774: 0.74685978 | G774: 0.80662104 | H774: 0.81141813 | I774: 0.83293044 | J774: 0.84710573 | K774: 0.84305364 | L774: 0.85225168

Sheet Passo 6
A1: id_subsistema | B1: nom_usina | C1: nom_tipousina | D1: nom_tipocombustivel | E1: P max | F1: P min | G1: Ramp Up | H1: Ramp Down | I1: Ind Flex Up | J1: Ind Flex Down | K1: Ind Flex Up Horario P6 | L1: Ind Flex Down Horario P6 | P1: Diferença | Q1: Diferença | R1: ID Ponderado | S1: ID Ponderado | T1: ID horário | U1: ID horário
A2: N | B2: Alto Jatapu | C2: HIDROELÉTRICA | D2: Hidráulica | E2: 0 | F2: 0 | G2: 0 | H2: 0 | I2: 0 | J2: 0 | K2: 0 | L2: 0 | P2: =I2-'Passo 2'!I2 -> 0 | Q2: =J2-'Passo 2'!J2 -> 0 | R2: =I2*E2 -> 0 | S2: =J2*E2 -> 0 | T2: =K2*E2 -> 0 | U2: =L2*E2 -> 0
A3: N | B3: Aparecida | C3: TÉRMICA | D3: Gás | E3: 143.99 | F3: 0 | G3: 19.757333 | H3: -19.55 | I3: 0.9116397 | J3: 0.90731995 | K3: 0.61618695 | L3: 0.7027727 | P3: =I3-'Passo 2'!I3 -> 0.10155566 | Q3: =J3-'Passo 2'!J3 -> -0.0007014376 | R3: =I3*E3 -> 131.267 | S3: =J3*E3 -> 130.645 | T3: =K3*E3 -> 88.724758 | U3: =L3*E3 -> 101.19224
A4: N | B4: BBF Baliza | C4: TÉRMICA | D4: Biomassa | E4: 16.018 | F4: 0 | G4: 1.5741667 | H4: -2.4963333 | I4: 0.79482457 | J4: 0.96753652 | K4: 0.63090054 | L4: 0.63146055 | M4: =(E4-F4+G4*4)/(2*E4) -> 0.69654971 | N4: =(E4-F4-H4*4)/(2*E4) -> 0.81169101 | P4: =I4-'Passo 2'!I4 -> -0.014951929 | Q4: =J4-'Passo 2'!J4 -> 0.20576851 | R4: =I4*E4 -> 12.7315 | S4: =J4*E4 -> 15.498 | T4: =K4*E4 -> 10.105765 | U4: =L4*E4 -> 10.114735
A5: N | B5: Balbina | C5: HIDROELÉTRICA | D5: Hidráulica | E5: 244.435 | F5: 3.888 | G5: 31.396833 | H5: -29.899 | I5: 0.87738663 | J5: 0.85900342 | K5: 0.73240695 | L5: 0.51193613 | P5: =I5-'Passo 2'!I5 -> -0.014408739 | Q5: =J5-'Passo 2'!J5 -> 0.0052079285 | R5: =I5*E5 -> 214.464 | S5: =J5*E5 -> 209.9705 | T5: =K5*E5 -> 179.02589 | U5: =L5*E5 -> 125.13511
A6: N | B6: Belo Monte | C6: HIDROELÉTRICA | D6: Hidráulica | E6: 10963.711 | F6: 0 | G6: 1584.3573 | H6: -1466.2903 | I6: 0.93352766 | J6: 0.90122099 | K6: 0.76079365 | L6: 0.573955 | P6: =I6-'Passo 2'!I6 -> 0.16142591 | Q6: =J6-'Passo 2'!J6 -> 0.12540558 | R6: =I6*E6 -> 10234.927 | S6: =J6*E6 -> 9880.7265 | T6: =K6*E6 -> 8341.1217 | U6: =L6*E6 -> 6292.6768
A7: N | B7: Bonfim | C7: TÉRMICA | D7: Biomassa | E7: 11.031 | F7: 0 | G7: 1.7351667 | H7: -1.7846667 | I7: 0.97189738 | J7: 0.98535944 | K7: 0.65116219 | L7: 0.80609463 | P7: =I7-'Passo 2'!I7 -> -0.0029009156 | Q7: =J7-'Passo 2'!J7 -> 0 | R7: =I7*E7 -> 10.721 | S7: =J7*E7 -> 10.8695 | T7: =K7*E7 -> 7.1829701 | U7: =L7*E7 -> 8.8920299
A8: N | B8: Cachoeira Caldeirão | C8: HIDROELÉTRICA | D8: Hidráulica | E8: 214.449 | F8: 0 | G8: 27.805167 | H8: -26.142 | I8: 0.88897593 | J8: 0.86570933 | K8: 0.64518903 | L8: 0.60949624 | P8: =I8-'Passo 2'!I8 -> 0.041895742 | Q8: =J8-'Passo 2'!J8 -> 0.0012543775 | R8: =I8*E8 -> 190.64 | S8: =J8*E8 -> 185.6505 | T8: =K8*E8 -> 138.36014 | U8: =L8*E8 -> 130.70586
A9: N | B9: Cantá | C9: TÉRMICA | D9: Biomassa | E9: 10.714 | F9: 0 | G9: 1.7351667 | H9: -1.7301667 | I9: 0.98585962 | J9: 0.98445959 | K9: 0.67025077 | L9: 0.80006844 | P9: =I9-'Passo 2'!I9 -> 0.0060201605 | Q9: =J9-'Passo 2'!J9 -> 0.0014000373 | R9: =I9*E9 -> 10.5625 | S9: =J9*E9 -> 10.5475 | T9: =K9*E9 -> 7.1810667 | U9: =L9*E9 -> 8.5719333
A10: N | B10: Coaracy Nunes | C10: HIDROELÉTRICA | D10: Hidráulica | E10: 74.23 | F10: 0 | G10: 11.830333 | H10: -12.020167 | I10: 0.97812205 | J10: 0.98579415 | K10: 0.59836023 | L10: 0.86555598 | P10: =I10-'Passo 2'!I10 -> -0.0028964031 | Q10: =J10-'Passo 2'!J10 -> 0.015519332 | R10: =I10*E10 -> 72.606 | S10: =J10*E10 -> 73.1755 | T10: =K10*E10 -> 44.41628 | U10: =L10*E10 -> 64.25022
A11: N | B11: Conj. Paulino Neves | C11: EOLIELÉTRICA | D11: Eólica | E11: 414.096 | F11: 0 | G11: 67.027833 | H11: -67.609833 | I11: 0.98559634 | J11: 0.98981275 | K11: 0.76651746 | L11: 0.70889163 | P11: =I11-'Passo 2'!I11 -> 0.023587526 | Q11: =J11-'Passo 2'!J11 -> 0.040455595 | R11: =I11*E11 -> 408.1315 | S11: =J11*E11 -> 409.8775 | T11: =K11*E11 -> 317.41181 | U11: =L11*E11 -> 293.54919
A12: N | B12: Cristiano Rocha | C12: TÉRMICA | D12: Gás | E12: 83.188 | F12: 0 | G12: 11.990667 | H12: -11.991167 | I12: 0.93241814 | J12: 0.93243617 | K12: 0.52315174 | L12: 0.84170256 | P12: =I12-'Passo 2'!I12 -> 0.011684378 | Q12: =J12-'Passo 2'!J12 -> 0.00015026206 | R12: =I12*E12 -> 77.566 | S12: =J12*E12 -> 77.5675 | T12: =K12*E12 -> 43.519947 | U12: =L12*E12 -> 70.019553
A13: N | B13: Curuá-Una | C13: HIDROELÉTRICA | D13: Hidráulica | E13: 43.668 | F13: 0.174 | G13: 6.8296667 | H13: -6.768 | I13: 0.96720711 | J13: 0.9629706 | K13: 0.61395065 | L13: 0.81821936 | P13: =I13-'Passo 2'!I13 -> -0.00045800128 | Q13: =J13-'Passo 2'!J13 -> -0.0042250618 | R13: =I13*E13 -> 42.236 | S13: =J13*E13 -> 42.051 | T13: =K13*E13 -> 26.809997 | U13: =L13*E13 -> 35.730003
A14: N | B14: Distrito | C14: TÉRMICA | D14: Óleo Combustível | E14: 40.8 | F14: 0 | G14: 6.7733333 | H14: -6.8 | I14: 0.99803922 | J14: 1 | K14: 0.92636213 | L14: 0.57167709 | P14: =I14-'Passo 2'!I14 -> 0.019595588 | Q14: =J14-'Passo 2'!J14 -> 0.0099264706 | R14: =I14*E14 -> 40.72 | S14: =J14*E14 -> 40.8 | T14: =K14*E14 -> 37.795575 | U14: =L14*E14 -> 23.324425
A15: N | B15: Estreito | C15: HIDROELÉTRICA | D15: Hidráulica | E15: 1100.02 | F15: 0 | G15: 180.312 | H15: -152.65067 | I15: 0.99175106 | J15: 0.91631243 | K15: 0.74121448 | L15: 0.66684901 | P15: =I15-'Passo 2'!I15 -> 0.08726705 | Q15: =J15-'Passo 2'!J15 -> 0.046418701 | R15: =I15*E15 -> 1090.946 | S15: =J15*E15 -> 1007.962 | T15: =K15*E15 -> 815.35075 | U15: =L15*E15 -> 733.54725
A16: N | B16: Ferreira Gomes | C16: HIDROELÉTRICA | D16: Hidráulica | E16: 245.618 | F16: 0 | G16: 39.820167 | H16: -39.3815 | I16: 0.98636704 | J16: 0.98100913 | K16: 0.72747581 | L16: 0.73990036 | P16: =I16-'Passo 2'!I16 -> 0.058023028 | Q16: =J16-'Passo 2'!J16 -> 0.0056836225 | R16: =I16*E16 -> 242.2695 | S16: =J16*E16 -> 240.9535 | T16: =K16*E16 -> 178.68115 | U16: =L16*E16 -> 181.73285
... A772: SE | B772: Ypê | C772: HIDROELÉTRICA | D772: Hidráulica | E772: 9.438 | F772: 0 | G772: 0 | H772: -1.573 | I772: 0.5 | J772: 1 | K772: 0.20582524 | L772: 0.79417476 | P772: =I772-'Passo 2'!I772 -> 0 | Q772: =J772-'Passo 2'!J772 -> 0 | R772: =I772*E772 -> 4.719 | S772: =J772*E772 -> 9.438 | T772: =K772*E772 -> 1.9425786 | U772: =L772*E772 -> 7.4954214
A773: SE | B773: Água Vermelha | C773: HIDROELÉTRICA | D773: Hidráulica | E773: 1354.364 | F773: 0.743 | G773: 154.997 | H773: -159.1495 | I773: 0.84305364 | J773: 0.85225168 | P773: =I773-'Passo 2'!I773 -> 0.036432599 | Q773: =J773-'Passo 2'!J773 -> 0.040833557 | R773: =I773*E773 -> 1141.8015 | S773: =J773*E773 -> 1154.259 | T773: =K773*E773 -> 0 | U773: =L773*E773 -> 0
A775: Cap (MW) | B775: Tipo | C775: ID UP Ponderado | D775: ID DN Ponderado | G775: Média Horária | P775: =AVERAGE(P2:P773) -> 0.042115966 | Q775: =AVERAGE(Q2:Q773) -> 0.031831742
A776: =SUMIF($D$2:$D$773,B776,$E$2:$E$773) -> 12 | B776: Multi-Combustível Diesel/Óleo | C776: =SUMIF($D$2:$D$773,B776,$R$2:$R$773)/A776 -> 1 | D776: =SUMIF($D$2:$D$773,B776,$R$2:$R$773)/A776 -> 1 | F776: Cap (MW) | G776: Tipo | H776: ID UP Ponderado Horário | I776: ID DN Ponderado Horário
A777: =SUMIF($D$2:$D$773,B777,$E$2:$E$773) -> 377.298 | B777: Óleo Diesel | C777: =SUMIF($D$2:$D$773,B777,$R$2:$R$773)/A777 -> 0.98758939 | D777: =SUMIF($D$2:$D$773,B777,$R$2:$R$773)/A777 -> 0.98758939 | F777: =SUMIF($D$2:$D$773,G777,$E$2:$E$773) -> 12 | G777: Multi-Combustível Diesel/Óleo | H777: =SUMIF($D$2:$D$773,G777,$T$2:$T$773)/F777 -> 0.79554825 | I777: =SUMIF($D$2:$D$773,G777,$U$2:$U$773)/F777 -> 0.70445175
A778: =SUMIF($D$2:$D$773,B778,$E$2:$E$773) -> 3793.698 | B778: Óleo Combustível | C778: =SUMIF($D$2:$D$773,B778,$R$2:$R$773)/A778 -> 0.99751351 | D778: =SUMIF($D$2:$D$773,B778,$R$2:$R$773)/A778 -> 0.99751351 | F778: =SUMIF($D$2:$D$773,G778,$E$2:$E$773) -> 377.298 | G778: Óleo Diesel | H778: =SUMIF($D$2:$D$773,G778,$T$2:$T$773)/F778 -> 0.96654106 | I778: =SUMIF($D$2:$D$773,G778,$U$2:$U$773)/F778 -> 0.52073027
A779: =SUMIF($D$2:$D$773,B779,$E$2:$E$773) -> 15348.726 | B779: Gás | C779: =SUMIF($D$2:$D$773,B779,$R$2:$R$773)/A779 -> 0.94067491 | D779: =SUMIF($D$2:$D$773,B779,$R$2:$R$773)/A779 -> 0.94067491 | F779: =SUMIF($D$2:$D$773,G779,$E$2:$E$773) -> 3793.698 | G779: Óleo Combustível | H779: =SUMIF($D$2:$D$773,G779,$T$2:$T$773)/F779 -> 0.98920523 | I779: =SUMIF($D$2:$D$773,G779,$U$2:$U$773)/F779 -> 0.50674028
A780: =SUMIF($D$2:$D$773,B780,$E$2:$E$773) -> 2018.587 | B780: Nuclear | C780: =SUMIF($D$2:$D$773,B780,$R$2:$R$773)/A780 -> 0.98355954 | D780: =SUMIF($D$2:$D$773,B780,$R$2:$R$773)/A780 -> 0.98355954 | F780: =SUMIF($D$2:$D$773,G780,$E$2:$E$773) -> 15348.726 | G780: Gás | H780: =SUMIF($D$2:$D$773,G780,$T$2:$T$773)/F780 -> 0.83377754 | I780: =SUMIF($D$2:$D$773,G780,$U$2:$U$773)/F780 -> 0.58839961
A781: =SUMIF($D$2:$D$773,B781,$E$2:$E$773) -> 5040.363 | B781: Outras Multi-Combustível | C781: =SUMIF($D$2:$D$773,B781,$R$2:$R$773)/A781 -> 0.94765496 | D781: =SUMIF($D$2:$D$773,B781,$R$2:$R$773)/A781 -> 0.94765496 | F781: =SUMIF($D$2:$D$773,G781,$E$2:$E$773) -> 2018.587 | G781: Nuclear | H781: =SUMIF($D$2:$D$773,G781,$T$2:$T$773)/F781 -> 0.54605969 | I781: =SUMIF($D$2:$D$773,G781,$U$2:$U$773)/F781 -> 0.92483406
A782: =SUMIF($D$2:$D$773,B782,$E$2:$E$773) -> 2981.656 | B782: Biomassa | C782: =SUMIF($D$2:$D$773,B782,$R$2:$R$773)/A782 -> 0.85866461 | D782: =SUMIF($D$2:$D$773,B782,$R$2:$R$773)/A782 -> 0.85866461 | F782: =SUMIF($D$2:$D$773,G782,$E$2:$E$773) -> 5040.363 | G782: Outras Multi-Combustível | H782: =SUMIF($D$2:$D$773,G782,$T$2:$T$773)/F782 -> 0.81484345 | I782: =SUMIF($D$2:$D$773,G782,$U$2:$U$773)/F782 -> 0.58598859
A783: =SUMIF($D$2:$D$773,B783,$E$2:$E$773) -> 108770.71 | B783: Hidráulica | C783: =SUMIF($D$2:$D$773,B783,$R$2:$R$773)/A783 -> 0.86167983 | D783: =SUMIF($D$2:$D$773,B783,$R$2:$R$773)/A783 -> 0.86167983 | F783: =SUMIF($D$2:$D$773,G783,$E$2:$E$773) -> 2981.656 | G783: Biomassa | H783: =SUMIF($D$2:$D$773,G783,$T$2:$T$773)/F783 -> 0.70230901 | I783: =SUMIF($D$2:$D$773,G783,$U$2:$U$773)/F783 -> 0.54475453
A784: =SUMIF($D$2:$D$773,B784,$E$2:$E$773) -> 1283.335 | B784: Resíduos Industriais | C784: =SUMIF($D$2:$D$773,B784,$R$2:$R$773)/A784 -> 0.86494212 | D784: =SUMIF($D$2:$D$773,B784,$R$2:$R$773)/A784 -> 0.86494212 | F784: =SUMIF($D$2:$D$773,G784,$E$2:$E$773) -> 108770.71 | G784: Hidráulica | H784: =SUMIF($D$2:$D$773,G784,$T$2:$T$773)/F784 -> 0.65479323 | I784: =SUMIF($D$2:$D$773,G784,$U$2:$U$773)/F784 -> 0.57259883
A785: =SUMIF($D$2:$D$773,B785,$E$2:$E$773) -> 3668.514 | B785: Carvão | C785: =SUMIF($D$2:$D$773,B785,$R$2:$R$773)/A785 -> 0.93814362 | D785: =SUMIF($D$2:$D$773,B785,$R$2:$R$773)/A785 -> 0.93814362 | F785: =SUMIF($D$2:$D$773,G785,$E$2:$E$773) -> 1283.335 | G785: Resíduos Industriais | H785: =SUMIF($D$2:$D$773,G785,$T$2:$T$773)/F785 -> 0.56593195 | I785: =SUMIF($D$2:$D$773,G785,$U$2:$U$773)/F785 -> 0.72361833
F786: =SUMIF($D$2:$D$773,G786,$E$2:$E$773) -> 3668.514 | G786: Carvão | H786: =SUMIF($D$2:$D$773,G786,$T$2:$T$773)/F786 -> 0.76126779 | I786: =SUMIF($D$2:$D$773,G786,$U$2:$U$773)/F786 -> 0.62743455

Sheet Passo 4
A1: id_subsistema | B1: nom_usina | C1: nom_tipousina | D1: nom_tipocombustivel | E1: P max | F1: P min | G1: Ramp Up | H1: Ramp Down | I1: Ind Flex Up | J1: Ind Flex Down | K1: Ind Flex Up Horario P4 | L1: Ind Flex Down Horario P4 | R1: ID Ponderado | S1: ID Ponderado | T1: ID horário | U1: ID horário
A2: N | B2: Alto Jatapu | C2: HIDROELÉTRICA | D2: Hidráulica | E2: 0 | F2: 0 | G2: 0 | H2: 0 | I2: 0 | J2: 0 | K2: 0 | L2: 0 | P2: =I2-'Passo 2'!I2 -> 0 | Q2: =J2-'Passo 2'!J2 -> 0 | R2: =I2*E2 -> 0 | S2: =J2*E2 -> 0 | T2: =K2*E2 -> 0 | U2: =L2*E2 -> 0
A3: N | B3: Aparecida | C3: TÉRMICA | D3: Gás | E3: 143.99 | F3: 0 | G3: 26.2575 | H3: -29.41625 | I3: 0.86471283 | J3: 0.9085874 | K3: 0.56926008 | L3: 0.70404015 | P3: =I3-'Passo 2'!I3 -> 0.054628794 | Q3: =J3-'Passo 2'!J3 -> 0.00056601153 | R3: =I3*E3 -> 124.51 | S3: =J3*E3 -> 130.8275 | T3: =K3*E3 -> 81.967758 | U3: =L3*E3 -> 101.37474
A4: N | B4: BBF Baliza | C4: TÉRMICA | D4: Biomassa | E4: 16.018 | F4: 0 | G4: 2.10625 | H4: -4.0045 | I4: 0.76298539 | J4: 1 | K4: 0.59906136 | L4: 0.66392403 | M4: =(E4-F4+G4*4)/(2*E4) -> 0.76298539 | N4: =(E4-F4-H4*4)/(2*E4) -> 1 | P4: =I4-'Passo 2'!I4 -> -0.04679111 | Q4: =J4-'Passo 2'!J4 -> 0.23823199 | R4: =I4*E4 -> 12.2215 | S4: =J4*E4 -> 16.018 | T4: =K4*E4 -> 9.5957649 | U4: =L4*E4 -> 10.634735
A5: N | B5: Balbina | C5: HIDROELÉTRICA | D5: Hidráulica | E5: 244.435 | F5: 3.888 | G5: 46.9645 | H5: -44.42075 | I5: 0.87631681 | J5: 0.85550351 | K5: 0.73133714 | L5: 0.50843622 | P5: =I5-'Passo 2'!I5 -> -0.015478553 | Q5: =J5-'Passo 2'!J5 -> 0.0017080205 | R5: =I5*E5 -> 214.2025 | S5: =J5*E5 -> 209.115 | T5: =K5*E5 -> 178.76439 | U5: =L5*E5 -> 124.27961
A6: N | B6: Belo Monte | C6: HIDROELÉTRICA | D6: Hidráulica | E6: 10963.711 | F6: 0 | G6: 2044.6047 | H6: -2077.6225 | I6: 0.87297677 | J6: 0.87899987 | K6: 0.70024276 | L6: 0.55173388 | P6: =I6-'Passo 2'!I6 -> 0.10087501 | Q6: =J6-'Passo 2'!J6 -> 0.10318445 | R6: =I6*E6 -> 9571.065 | S6: =J6*E6 -> 9637.1005 | T6: =K6*E6 -> 7677.2592 | U6: =L6*E6 -> 6049.0508
A7: N | B7: Bonfim | C7: TÉRMICA | D7: Biomassa | E7: 11.031 | F7: 0 | G7: 2.63975 | H7: -2.677 | I7: 0.97860575 | J7: 0.98535944 | K7: 0.65787056 | L7: 0.80609463 | P7: =I7-'Passo 2'!I7 -> 0.0038074517 | Q7: =J7-'Passo 2'!J7 -> 0 | R7: =I7*E7 -> 10.795 | S7: =J7*E7 -> 10.8695 | T7: =K7*E7 -> 7.2569701 | U7: =L7*E7 -> 8.8920299
A8: N | B8: Cachoeira Caldeirão | C8: HIDROELÉTRICA | D8: Hidráulica | E8: 214.449 | F8: 0 | G8: 38.6765 | H8: -39.08425 | I8: 0.86070581 | J8: 0.86450858 | K8: 0.6169189 | L8: 0.60829548 | P8: =I8-'Passo 2'!I8 -> 0.013625617 | Q8: =J8-'Passo 2'!J8 -> 5.3625804e-05 | R8: =I8*E8 -> 184.5775 | S8: =J8*E8 -> 185.393 | T8: =K8*E8 -> 132.29764 | U8: =L8*E8 -> 130.44836
A9: N | B9: Cantá | C9: TÉRMICA | D9: Biomassa | E9: 10.714 | F9: 0 | G9: 2.595 | H9: -2.59525 | I9: 0.98441292 | J9: 0.98445959 | K9: 0.66880406 | L9: 0.80006844 | P9: =I9-'Passo 2'!I9 -> 0.0045734553 | Q9: =J9-'Passo 2'!J9 -> 0.0014000373 | R9: =I9*E9 -> 10.547 | S9: =J9*E9 -> 10.5475 | T9: =K9*E9 -> 7.1655667 | U9: =L9*E9 -> 8.5719333
A10: N | B10: Coaracy Nunes | C10: HIDROELÉTRICA | D10: Hidráulica | E10: 74.23 | F10: 0 | G10: 17.6275 | H10: -18.0295 | I10: 0.97494275 | J10: 0.98577395 | K10: 0.59518092 | L10: 0.86553577 | P10: =I10-'Passo 2'!I10 -> -0.0060757106 | Q10: =J10-'Passo 2'!J10 -> 0.015499124 | R10: =I10*E10 -> 72.37 | S10: =J10*E10 -> 73.174 | T10: =K10*E10 -> 44.18028 | U10: =L10*E10 -> 64.24872
A11: N | B11: Conj. Paulino Neves | C11: EOLIELÉTRICA | D11: Eólica | E11: 414.096 | F11: 0 | G11: 101.54175 | H11: -100.039 | I11: 0.99042613 | J11: 0.98316815 | K11: 0.77134725 | L11: 0.70224703 | P11: =I11-'Passo 2'!I11 -> 0.028417324 | Q11: =J11-'Passo 2'!J11 -> 0.033811 | R11: =I11*E11 -> 410.1315 | S11: =J11*E11 -> 407.126 | T11: =K11*E11 -> 319.41181 | U11: =L11*E11 -> 290.79769
A12: N | B12: Cristiano Rocha | C12: TÉRMICA | D12: Gás | E12: 83.188 | F12: 0 | G12: 17.99025 | H12: -17.98475 | I12: 0.93252032 | J12: 0.93238808 | K12: 0.52325392 | L12: 0.84165448 | P12: =I12-'Passo 2'!I12 -> 0.011786556 | Q12: =J12-'Passo 2'!J12 -> 0.0001021782 | R12: =I12*E12 -> 77.5745 | S12: =J12*E12 -> 77.5635 | T12: =K12*E12 -> 43.528447 | U12: =L12*E12 -> 70.015553
A13: N | B13: Curuá-Una | C13: HIDROELÉTRICA | D13: Hidráulica | E13: 43.668 | F13: 0.174 | G13: 10.26975 | H13: -10.22325 | I13: 0.96836356 | J13: 0.96623386 | K13: 0.61510711 | L13: 0.82148262 | P13: =I13-'Passo 2'!I13 -> 0.00069845196 | Q13: =J13-'Passo 2'!J13 -> -0.00096180269 | R13: =I13*E13 -> 42.2865 | S13: =J13*E13 -> 42.1935 | T13: =K13*E13 -> 26.860497 | U13: =L13*E13 -> 35.872503
A14: N | B14: Distrito | C14: TÉRMICA | D14: Óleo Combustível | E14: 40.8 | F14: 0 | G14: 10.084 | H14: -10.11825 | I14: 0.99431373 | J14: 0.99599265 | K14: 0.92263664 | L14: 0.56766974 | P14: =I14-'Passo 2'!I14 -> 0.015870098 | Q14: =J14-'Passo 2'!J14 -> 0.0059191176 | R14: =I14*E14 -> 40.568 | S14: =J14*E14 -> 40.6365 | T14: =K14*E14 -> 37.643575 | U14: =L14*E14 -> 23.160925
A15: N | B15: Estreito | C15: HIDROELÉTRICA | D15: Hidráulica | E15: 1100.02 | F15: 0 | G15: 233.08775 | H15: -226.05925 | I15: 0.9237882 | J15: 0.91100935 | K15: 0.67325162 | L15: 0.66154593 | P15: =I15-'Passo 2'!I15 -> 0.019304194 | Q15: =J15-'Passo 2'!J15 -> 0.041115616 | R15: =I15*E15 -> 1016.1855 | S15: =J15*E15 -> 1002.1285 | T15: =K15*E15 -> 740.59025 | U15: =L15*E15 -> 727.71375
A16: N | B16: Ferreira Gomes | C16: HIDROELÉTRICA | D16: Hidráulica | E16: 245.618 | F16: 0 | G16: 59.537 | H16: -58.904 | I16: 0.98479346 | J16: 0.97963911 | K16: 0.72590223 | L16: 0.73853035 | P16: =I16-'Passo 2'!I16 -> 0.056449446 | Q16: =J16-'Passo 2'!J16 -> 0.0043136089 | R16: =I16*E16 -> 241.883 | S16: =J16*E16 -> 240.617 | T16: =K16*E16 -> 178.29465 | U16: =L16*E16 -> 181.39635
... A772: SE | B772: Ypê | C772: HIDROELÉTRICA | D772: Hidráulica | E772: 9.438 | F772: 0 | G772: 0 | H772: -2.3595 | I772: 0.5 | J772: 1 | K772: 0.20582524 | L772: 0.79417476 | P772: =I772-'Passo 2'!I772 -> 0 | Q772: =J772-'Passo 2'!J772 -> 0 | R772: =I772*E772 -> 4.719 | S772: =J772*E772 -> 9.438 | T772: =K772*E772 -> 1.9425786 | U772: =L772*E772 -> 7.4954214
A773: SE | B773: Água Vermelha | C773: HIDROELÉTRICA | D773: Hidráulica | E773: 1354.364 | F773: 0.743 | G773: 225.64025 | H773: -235.2395 | I773: 0.83293044 | J773: 0.84710573 | P773: =I773-'Passo 2'!I773 -> 0.026309397 | Q773: =J773-'Passo 2'!J773 -> 0.035687599 | R773: =I773*E773 -> 1128.091 | S773: =J773*E773 -> 1147.2895 | T773: =K773*E773 -> 0 | U773: =L773*E773 -> 0
A775: Cap (MW) | B775: Tipo | C775: ID UP Ponderado | D775: ID DN Ponderado | G775: Média Horária | P775: =AVERAGE(P2:P773) -> 0.030432204 | Q775: =AVERAGE(Q2:Q773) -> 0.022098014
A776: =SUMIF($D$2:$D$773,B776,$E$2:$E$773) -> 12 | B776: Multi-Combustível Diesel/Óleo | C776: =SUMIF($D$2:$D$773,B776,$R$2:$R$773)/A776 -> 1 | D776: =SUMIF($D$2:$D$773,B776,$R$2:$R$773)/A776 -> 1 | F776: Cap (MW) | G776: Tipo | H776: ID UP Ponderado Horário | I776: ID DN Ponderado Horário
A777: =SUMIF($D$2:$D$773,B777,$E$2:$E$773) -> 377.298 | B777: Óleo Diesel | C777: =SUMIF($D$2:$D$773,B777,$R$2:$R$773)/A777 -> 0.98398613 | D777: =SUMIF($D$2:$D$773,B777,$R$2:$R$773)/A777 -> 0.98398613 | F777: =SUMIF($D$2:$D$773,G777,$E$2:$E$773) -> 12 | G777: Multi-Combustível Diesel/Óleo | H777: =SUMIF($D$2:$D$773,G777,$T$2:$T$773)/F777 -> 0.79554825 | I777: =SUMIF($D$2:$D$773,G777,$U$2:$U$773)/F777 -> 0.70445175
A778: =SUMIF($D$2:$D$773,B778,$E$2:$E$773) -> 3793.698 | B778: Óleo Combustível | C778: =SUMIF($D$2:$D$773,B778,$R$2:$R$773)/A778 -> 0.99408031 | D778: =SUMIF($D$2:$D$773,B778,$R$2:$R$773)/A778 -> 0.99408031 | F778: =SUMIF($D$2:$D$773,G778,$E$2:$E$773) -> 377.298 | G778: Óleo Diesel | H778: =SUMIF($D$2:$D$773,G778,$T$2:$T$773)/F778 -> 0.96293781 | I778: =SUMIF($D$2:$D$773,G778,$U$2:$U$773)/F778 -> 0.51742122
A779: =SUMIF($D$2:$D$773,B779,$E$2:$E$773) -> 15348.726 | B779: Gás | C779: =SUMIF($D$2:$D$773,B779,$R$2:$R$773)/A779 -> 0.9200592 | D779: =SUMIF($D$2:$D$773,B779,$R$2:$R$773)/A779 -> 0.9200592 | F779: =SUMIF($D$2:$D$773,G779,$E$2:$E$773) -> 3793.698 | G779: Óleo Combustível | H779: =SUMIF($D$2:$D$773,G779,$T$2:$T$773)/F779 -> 0.98577203 | I779: =SUMIF($D$2:$D$773,G779,$U$2:$U$773)/F779 -> 0.50429056
A780: =SUMIF($D$2:$D$773,B780,$E$2:$E$773) -> 2018.587 | B780: Nuclear | C780: =SUMIF($D$2:$D$773,B780,$R$2:$R$773)/A780 -> 0.94676747 | D780: =SUMIF($D$2:$D$773,B780,$R$2:$R$773)/A780 -> 0.94676747 | F780: =SUMIF($D$2:$D$773,G780,$E$2:$E$773) -> 15348.726 | G780: Gás | H780: =SUMIF($D$2:$D$773,G780,$T$2:$T$773)/F780 -> 0.81316183 | I780: =SUMIF($D$2:$D$773,G780,$U$2:$U$773)/F780 -> 0.58775386
A781: =SUMIF($D$2:$D$773,B781,$E$2:$E$773) -> 5040.363 | B781: Outras Multi-Combustível | C781: =SUMIF($D$2:$D$773,B781,$R$2:$R$773)/A781 -> 0.94849815 | D781: =SUMIF($D$2:$D$773,B781,$R$2:$R$773)/A781 -> 0.94849815 | F781: =SUMIF($D$2:$D$773,G781,$E$2:$E$773) -> 2018.587 | G781: Nuclear | H781: =SUMIF($D$2:$D$773,G781,$T$2:$T$773)/F781 -> 0.50926762 | I781: =SUMIF($D$2:$D$773,G781,$U$2:$U$773)/F781 -> 0.92397999
A782: =SUMIF($D$2:$D$773,B782,$E$2:$E$773) -> 2981.656 | B782: Biomassa | C782: =SUMIF($D$2:$D$773,B782,$R$2:$R$773)/A782 -> 0.84261095 | D782: =SUMIF($D$2:$D$773,B782,$R$2:$R$773)/A782 -> 0.84261095 | F782: =SUMIF($D$2:$D$773,G782,$E$2:$E$773) -> 5040.363 | G782: Outras Multi-Combustível | H782: =SUMIF($D$2:$D$773,G782,$T$2:$T$773)/F782 -> 0.81568665 | I782: =SUMIF($D$2:$D$773,G782,$U$2:$U$773)/F782 -> 0.58807177
A783: =SUMIF($D$2:$D$773,B783,$E$2:$E$773) -> 108770.71 | B783: Hidráulica | C783: =SUMIF($D$2:$D$773,B783,$R$2:$R$773)/A783 -> 0.84488029 | D783: =SUMIF($D$2:$D$773,B783,$R$2:$R$773)/A783 -> 0.84488029 | F783: =SUMIF($D$2:$D$773,G783,$E$2:$E$773) -> 2981.656 | G783: Biomassa | H783: =SUMIF($D$2:$D$773,G783,$T$2:$T$773)/F783 -> 0.68625535 | I783: =SUMIF($D$2:$D$773,G783,$U$2:$U$773)/F783 -> 0.53507484
A784: =SUMIF($D$2:$D$773,B784,$E$2:$E$773) -> 1283.335 | B784: Resíduos Industriais | C784: =SUMIF($D$2:$D$773,B784,$R$2:$R$773)/A784 -> 0.86084732 | D784: =SUMIF($D$2:$D$773,B784,$R$2:$R$773)/A784 -> 0.86084732 | F784: =SUMIF($D$2:$D$773,G784,$E$2:$E$773) -> 108770.71 | G784: Hidráulica | H784: =SUMIF($D$2:$D$773,G784,$T$2:$T$773)/F784 -> 0.63811975 | I784: =SUMIF($D$2:$D$773,G784,$U$2:$U$773)/F784 -> 0.55725238
A785: =SUMIF($D$2:$D$773,B785,$E$2:$E$773) -> 3668.514 | B785: Carvão | C785: =SUMIF($D$2:$D$773,B785,$R$2:$R$773)/A785 -> 0.89087557 | D785: =SUMIF($D$2:$D$773,B785,$R$2:$R$773)/A785 -> 0.89087557 | F785: =SUMIF($D$2:$D$773,G785,$E$2:$E$773) -> 1283.335 | G785: Resíduos Industriais | H785: =SUMIF($D$2:$D$773,G785,$T$2:$T$773)/F785 -> 0.56183715 | I785: =SUMIF($D$2:$D$773,G785,$U$2:$U$773)/F785 -> 0.71806522
F786: =SUMIF($D$2:$D$773,G786,$E$2:$E$773) -> 3668.514 | G786: Carvão | H786: =SUMIF($D$2:$D$773,G786,$T$2:$T$773)/F786 -> 0.71399974 | I786: =SUMIF($D$2:$D$773,G786,$U$2:$U$773)/F786 -> 0.60015075

Sheet Passo 2
A1: id_subsistema | B1: nom_usina | C1: nom_tipousina | D1: nom_tipocombustivel | E1: P max | F1: P min | G1: Ramp Up | H1: Ramp Down | I1: Ind Flex Up | J1: Ind Flex Down | K1: Ind Flex Up Horario P2 | L1: Ind Flex Down Horario P2 | R1: ID Ponderado | S1: ID Ponderado | T1: ID horário | U1: ID horário
A2: N | B2: Alto Jatapu | C2: HIDROELÉTRICA | D2: Hidráulica | E2: 0 | F2: 0 | G2: 0 | H2: 0 | I2: 0 | J2: 0 | K2: 0 | L2: 0 | P2: =I2-'Passo 1'!I2 -> 0 | Q2: =J2-'Passo 1'!J2 -> 0 | R2: =I2*E2 -> 0 | S2: =J2*E2 -> 0 | T2: =K2*E2 -> 0 | U2: =L2*E2 -> 0
A3: N | B3: Aparecida | C3: TÉRMICA | D3: Gás | E3: 143.99 | F3: 0 | G3: 44.649 | H3: -58.751 | I3: 0.81008403 | J3: 0.90802139 | K3: 0.51463128 | L3: 0.70347414 | P3: =I3-'Passo 1'!I3 -> 0.05617404 | Q3: =J3-'Passo 1'!J3 -> 0.019237447 | R3: =I3*E3 -> 116.644 | S3: =J3*E3 -> 130.746 | T3: =K3*E3 -> 74.101758 | U3: =L3*E3 -> 101.29324
A4: N | B4: BBF Baliza | C4: TÉRMICA | D4: Biomassa | E4: 16.018 | F4: 0 | G4: 4.962 | H4: -4.193 | I4: 0.8097765 | J4: 0.76176801 | K4: 0.64585247 | L4: 0.42569204 | M4: =(E4-F4+G4*2)/(2*E4) -> 0.8097765 | N4: =(E4-F4-H4*2)/(2*E4) -> 0.76176801 | P4: =I4-'Passo 1'!I4 -> 0.050412036 | Q4: =J4-'Passo 1'!J4 -> -0.016887252 | R4: =I4*E4 -> 12.971 | S4: =J4*E4 -> 12.202 | T4: =K4*E4 -> 10.345265 | U4: =L4*E4 -> 6.8187351
A5: N | B5: Balbina | C5: HIDROELÉTRICA | D5: Hidráulica | E5: 244.435 | F5: 3.888 | G5: 97.7125 | H5: -88.424 | I5: 0.89179536 | J5: 0.85379549 | K5: 0.74681569 | L5: 0.5067282 | P5: =I5-'Passo 1'!I5 -> 0.043635322 | Q5: =J5-'Passo 1'!J5 -> 0.039521754 | R5: =I5*E5 -> 217.986 | S5: =J5*E5 -> 208.6975 | T5: =K5*E5 -> 182.54789 | U5: =L5*E5 -> 123.86211
A6: N | B6: Belo Monte | C6: HIDROELÉTRICA | D6: Hidráulica | E6: 10963.711 | F6: 0 | G6: 2983.245 | H6: -3023.9605 | I6: 0.77210175 | J6: 0.77581542 | K6: 0.59936774 | L6: 0.44854943 | P6: =I6-'Passo 1'!I6 -> 0.12779829 | Q6: =J6-'Passo 1'!J6 -> 0.11270864 | R6: =I6*E6 -> 8465.1005 | S6: =J6*E6 -> 8505.816 | T6: =K6*E6 -> 6571.2947 | U6: =L6*E6 -> 4917.7663
A7: N | B7: Bonfim | C7: TÉRMICA | D7: Biomassa | E7: 11.031 | F7: 0 | G7: 5.2375 | H7: -5.354 | I7: 0.9747983 | J7: 0.98535944 | K7: 0.65406311 | L7: 0.80609463 | P7: =I7-'Passo 1'!I7 -> 0.091424168 | Q7: =J7-'Passo 1'!J7 -> 0.050448735 | R7: =I7*E7 -> 10.753 | S7: =J7*E7 -> 10.8695 | T7: =K7*E7 -> 7.2149701 | U7: =L7*E7 -> 8.8920299
A8: N | B8: Cachoeira Caldeirão | C8: HIDROELÉTRICA | D8: Hidráulica | E8: 214.449 | F8: 0 | G8: 74.431 | H8: -78.157 | I8: 0.84708019 | J8: 0.86445495 | K8: 0.60329329 | L8: 0.60824186 | P8: =I8-'Passo 1'!I8 -> 0.079039772 | Q8: =J8-'Passo 1'!J8 -> 0.012019175 | R8: =I8*E8 -> 181.6555 | S8: =J8*E8 -> 185.3815 | T8: =K8*E8 -> 129.37564 | U8: =L8*E8 -> 130.43686
A9: N | B9: Cantá | C9: TÉRMICA | D9: Biomassa | E9: 10.714 | F9: 0 | G9: 5.141 | H9: -5.1755 | I9: 0.97983946 | J9: 0.98305955 | K9: 0.66423061 | L9: 0.7986684 | P9: =I9-'Passo 1'!I9 -> 0.023893971 | Q9: =J9-'Passo 1'!J9 -> 0.051101363 | R9: =I9*E9 -> 10.498 | S9: =J9*E9 -> 10.5325 | T9: =K9*E9 -> 7.1165667 | U9: =L9*E9 -> 8.5569333
A10: N | B10: Coaracy Nunes | C10: HIDROELÉTRICA | D10: Hidráulica | E10: 74.23 | F10: 0 | G10: 35.706 | H10: -34.9085 | I10: 0.98101846 | J10: 0.97027482 | K10: 0.60125663 | L10: 0.85003665 | P10: =I10-'Passo 1'!I10 -> 0.11195608 | Q10: =J10-'Passo 1'!J10 -> 0.10212852 | R10: =I10*E10 -> 72.821 | S10: =J10*E10 -> 72.0235 | T10: =K10*E10 -> 44.63128 | U10: =L10*E10 -> 63.09822
A11: N | B11: Conj. Paulino Neves | C11: EOLIELÉTRICA | D11: Eólica | E11: 414.096 | F11: 0 | G11: 191.316 | H11: -186.077 | I11: 0.96200881 | J11: 0.94935715 | K11: 0.74292993 | L11: 0.66843603 | P11: =I11-'Passo 1'!I11 -> 0.072019532 | Q11: =J11-'Passo 1'!J11 -> 0.067419149 | R11: =I11*E11 -> 398.364 | S11: =J11*E11 -> 393.125 | T11: =K11*E11 -> 307.64431 | U11: =L11*E11 -> 276.79669
A12: N | B12: Cristiano Rocha | C12: TÉRMICA | D12: Gás | E12: 83.188 | F12: 0 | G12: 35 | H12: -35.961 | I12: 0.92073376 | J12: 0.93228591 | K12: 0.51146737 | L12: 0.8415523 | P12: =I12-'Passo 1'!I12 -> 0.13231476 | Q12: =J12-'Passo 1'!J12 -> 0.020868394 | R12: =I12*E12 -> 76.594 | S12: =J12*E12 -> 77.555 | T12: =K12*E12 -> 42.547947 | U12: =L12*E12 -> 70.007053
A13: N | B13: Curuá-Una | C13: HIDROELÉTRICA | D13: Hidráulica | E13: 43.668 | F13: 0.174 | G13: 20.509 | H13: -20.4885 | I13: 0.96766511 | J13: 0.96719566 | K13: 0.61440865 | L13: 0.82244442 | P13: =I13-'Passo 1'!I13 -> 0.15867454 | Q13: =J13-'Passo 1'!J13 -> 0.16650637 | R13: =I13*E13 -> 42.256 | S13: =J13*E13 -> 42.2355 | T13: =K13*E13 -> 26.829997 | U13: =L13*E13 -> 35.914503
A14: N | B14: Distrito | C14: TÉRMICA | D14: Óleo Combustível | E14: 40.8 | F14: 0 | G14: 19.5205 | H14: -19.995 | I14: 0.97844363 | J14: 0.99007353 | K14: 0.90676654 | L14: 0.56175062 | P14: =I14-'Passo 1'!I14 -> 0.091446078 | Q14: =J14-'Passo 1'!J14 -> 0.080551471 | R14: =I14*E14 -> 39.9205 | S14: =J14*E14 -> 40.395 | T14: =K14*E14 -> 36.996075 | U14: =L14*E14 -> 22.919425
A15: N | B15: Estreito | C15: HIDROELÉTRICA | D15: Hidráulica | E15: 1100.02 | F15: 0 | G15: 444.9405 | H15: -406.8905 | I15: 0.90448401 | J15: 0.86989373 | K15: 0.65394743 | L15: 0.62043031 | P15: =I15-'Passo 1'!I15 -> 0.08652979 | Q15: =J15-'Passo 1'!J15 -> 0.1218996 | R15: =I15*E15 -> 994.9505 | S15: =J15*E15 -> 956.9005 | T15: =K15*E15 -> 719.35525 | U15: =L15*E15 -> 682.48575
A16: N | B16: Ferreira Gomes | C16: HIDROELÉTRICA | D16: Hidráulica | E16: 245.618 | F16: 0 | G16: 105.209 | H16: -116.7485 | I16: 0.92834401 | J16: 0.97532551 | K16: 0.66945278 | L16: 0.73421674 | P16: =I16-'Passo 1'!I16 -> 0.18722162 | Q16: =J16-'Passo 1'!J16 -> 0.057929386 | R16: =I16*E16 -> 228.018 | S16: =J16*E16 -> 239.5575 | T16: =K16*E16 -> 164.42965 | U16: =L16*E16 -> 180.33685
... A773: SE | B773: Água Vermelha | C773: HIDROELÉTRICA | D773: Hidráulica | E773: 1354.364 | F773: 0.743 | G773: 415.648 | H773: -422.145 | I773: 0.80662104 | J773: 0.81141813 | K773: 0.57111339 | L773: 0.54720008 | P773: =I773-'Passo 1'!I773 -> 0.070355901 | Q773: =J773-'Passo 1'!J773 -> 0.064558346 | R773: =I773*E773 -> 1092.4585 | S773: =J773*E773 -> 1098.9555 | T773: =K773*E773 -> 773.49542 | U773: =L773*E773 -> 741.10808
B775: Média Ponderada | G775: Média Horária | P775: =AVERAGE(P2:P773) -> 0.058795295 | Q775: =AVERAGE(Q2:Q773) -> 0.053063189
A776: Cap (MW) | B776: Tipo | C776: ID UP Ponderado | D776: ID DN Ponderado | F776: Cap (MW) | G776: Tipo | H776: ID UP Ponderado Horário | I776: ID DN Ponderado Horário
A777: =SUMIF($D$2:$D$773,B777,$E$2:$E$773) -> 12 | B777: Multi-Combustível Diesel/Óleo | C777: =SUMIF($D$2:$D$773,B777,$R$2:$R$773)/A777 -> 0.984 | D777: =SUMIF($D$2:$D$773,B777,$R$2:$R$773)/A777 -> 0.984 | F777: =SUMIF($D$2:$D$773,G777,$E$2:$E$773) -> 12 | G777: Multi-Combustível Diesel/Óleo | H777: =SUMIF($D$2:$D$773,G777,$T$2:$T$773)/F777 -> 0.77954825 | I777: =SUMIF($D$2:$D$773,G777,$U$2:$U$773)/F777 -> 0.70445175
A778: =SUMIF($D$2:$D$773,B778,$E$2:$E$773) -> 377.298 | B778: Óleo Diesel | C778: =SUMIF($D$2:$D$773,B778,$R$2:$R$773)/A778 -> 0.96675837 | D778: =SUMIF($D$2:$D$773,B778,$R$2:$R$773)/A778 -> 0.96675837 | F778: =SUMIF($D$2:$D$773,G778,$E$2:$E$773) -> 377.298 | G778: Óleo Diesel | H778: =SUMIF($D$2:$D$773,G778,$T$2:$T$773)/F778 -> 0.94571005 | I778: =SUMIF($D$2:$D$773,G778,$U$2:$U$773)/F778 -> 0.51695474
A779: =SUMIF($D$2:$D$773,B779,$E$2:$E$773) -> 3793.698 | B779: Óleo Combustível | C779: =SUMIF($D$2:$D$773,B779,$R$2:$R$773)/A779 -> 0.97120857 | D779: =SUMIF($D$2:$D$773,B779,$R$2:$R$773)/A779 -> 0.97120857 | F779: =SUMIF($D$2:$D$773,G779,$E$2:$E$773) -> 3793.698 | G779: Óleo Combustível | H779: =SUMIF($D$2:$D$773,G779,$T$2:$T$773)/F779 -> 0.96290029 | I779: =SUMIF($D$2:$D$773,G779,$U$2:$U$773)/F779 -> 0.49969241
A780: =SUMIF($D$2:$D$773,B780,$E$2:$E$773) -> 15348.726 | B780: Gás | C780: =SUMIF($D$2:$D$773,B780,$R$2:$R$773)/A780 -> 0.8529603 | D780: =SUMIF($D$2:$D$773,B780,$R$2:$R$773)/A780 -> 0.8529603 | F780: =SUMIF($D$2:$D$773,G780,$E$2:$E$773) -> 15348.726 | G780: Gás | H780: =SUMIF($D$2:$D$773,G780,$T$2:$T$773)/F780 -> 0.74606293 | I780: =SUMIF($D$2:$D$773,G780,$U$2:$U$773)/F780 -> 0.57449403
A781: =SUMIF($D$2:$D$773,B781,$E$2:$E$773) -> 2018.587 | B781: Nuclear | C781: =SUMIF($D$2:$D$773,B781,$R$2:$R$773)/A781 -> 0.84879696 | D781: =SUMIF($D$2:$D$773,B781,$R$2:$R$773)/A781 -> 0.84879696 | F781: =SUMIF($D$2:$D$773,G781,$E$2:$E$773) -> 2018.587 | G781: Nuclear | H781: =SUMIF($D$2:$D$773,G781,$T$2:$T$773)/F781 -> 0.41129711 | I781: =SUMIF($D$2:$D$773,G781,$U$2:$U$773)/F781 -> 0.89897389
A782: =SUMIF($D$2:$D$773,B782,$E$2:$E$773) -> 5040.363 | B782: Outras Multi-Combustível | C782: =SUMIF($D$2:$D$773,B782,$R$2:$R$773)/A782 -> 0.94934145 | D782: =SUMIF($D$2:$D$773,B782,$R$2:$R$773)/A782 -> 0.94934145 | F782: =SUMIF($D$2:$D$773,G782,$E$2:$E$773) -> 5040.363 | G782: Outras Multi-Combustível | H782: =SUMIF($D$2:$D$773,G782,$T$2:$T$773)/F782 -> 0.81652994 | I782: =SUMIF($D$2:$D$773,G782,$U$2:$U$773)/F782 -> 0.58985736
A783: =SUMIF($D$2:$D$773,B783,$E$2:$E$773) -> 2981.656 | B783: Biomassa | C783: =SUMIF($D$2:$D$773,B783,$R$2:$R$773)/A783 -> 0.82083463 | D783: =SUMIF($D$2:$D$773,B783,$R$2:$R$773)/A783 -> 0.82083463 | F783: =SUMIF($D$2:$D$773,G783,$E$2:$E$773) -> 2981.656 | G783: Biomassa | H783: =SUMIF($D$2:$D$773,G783,$T$2:$T$773)/F783 -> 0.66447903 | I783: =SUMIF($D$2:$D$773,G783,$U$2:$U$773)/F783 -> 0.52670567
A784: =SUMIF($D$2:$D$773,B784,$E$2:$E$773) -> 108770.71 | B784: Hidráulica | C784: =SUMIF($D$2:$D$773,B784,$R$2:$R$773)/A784 -> 0.79484817 | D784: =SUMIF($D$2:$D$773,B784,$R$2:$R$773)/A784 -> 0.79484817 | F784: =SUMIF($D$2:$D$773,G784,$E$2:$E$773) -> 108770.71 | G784: Hidráulica | H784: =SUMIF($D$2:$D$773,G784,$T$2:$T$773)/F784 -> 0.59552646 | I784: =SUMIF($D$2:$D$773,G784,$U$2:$U$773)/F784 -> 0.52305514
A785: =SUMIF($D$2:$D$773,B785,$E$2:$E$773) -> 1283.335 | B785: Resíduos Industriais | C785: =SUMIF($D$2:$D$773,B785,$R$2:$R$773)/A785 -> 0.78958339 | D785: =SUMIF($D$2:$D$773,B785,$R$2:$R$773)/A785 -> 0.78958339 | F785: =SUMIF($D$2:$D$773,G785,$E$2:$E$773) -> 1283.335 | G785: Resíduos Industriais | H785: =SUMIF($D$2:$D$773,G785,$T$2:$T$773)/F785 -> 0.49057321 | I785: =SUMIF($D$2:$D$773,G785,$U$2:$U$773)/F785 -> 0.69191343
A786: =SUMIF($D$2:$D$773,B786,$E$2:$E$773) -> 3668.514 | B786: Carvão | C786: =SUMIF($D$2:$D$773,B786,$R$2:$R$773)/A786 -> 0.75038994 | D786: =SUMIF($D$2:$D$773,B786,$R$2:$R$773)/A786 -> 0.75038994 | F786: =SUMIF($D$2:$D$773,G786,$E$2:$E$773) -> 3668.514 | G786: Carvão | H786: =SUMIF($D$2:$D$773,G786,$T$2:$T$773)/F786 -> 0.57351411 | I786: =SUMIF($D$2:$D$773,G786,$U$2:$U$773)/F786 -> 0.57652334

Sheet Passo 1
A1: id_subsistema | B1: nom_usina | C1: nom_tipousina | D1: nom_tipocombustivel | E1: P max | F1: P min | G1: Ramp Up | H1: Ramp Down | I1: Ind Flex Up | J1: Ind Flex Down | K1: IF Up H P1 | L1: IF Dn H P1 | Q1: ID Ponderado | R1: ID Ponderado | S1: ID horário | T1: ID horário
A2: N | B2: Alto Jatapu | C2: HIDROELÉTRICA | D2: Hidráulica | E2: 0 | F2: 0 | G2: 0 | H2: 0 | I2: 0 | J2: 0 | K2: 0 | L2: 0 | Q2: =I2*E2 -> 0 | R2: =J2*E2 -> 0 | S2: =K2*E2 -> 0 | T2: =L2*E2 -> 0
A3: N | B3: Aparecida | C3: TÉRMICA | D3: Gás | E3: 143.99 | F3: 0 | G3: 73.121 | H3: -111.962 | I3: 0.75390999 | J3: 0.88878394 | K3: 0.45845724 | L3: 0.6842367 | M3: IND F UP | N3: IND F DOWN | Q3: =I3*E3 -> 108.5555 | R3: =J3*E3 -> 127.976 | S3: =K3*E3 -> 66.013258 | T3: =L3*E3 -> 98.523242
A4: N | B4: BBF Baliza | C4: TÉRMICA | D4: Biomassa | E4: 16.018 | F4: 0 | G4: 8.309 | H4: -8.927 | I4: 0.75936446 | J4: 0.77865526 | K4: 0.59544044 | L4: 0.44257929 | M4: =(E4-F4+G4*1)/(2*E4) -> 0.75936446 | N4: =(E4-F4-H4*1)/(2*E4) -> 0.77865526 | Q4: =I4*E4 -> 12.1635 | R4: =J4*E4 -> 12.4725 | S4: =K4*E4 -> 9.5377649 | T4: =L4*E4 -> 7.0892351
A5: N | B5: Balbina | C5: HIDROELÉTRICA | D5: Hidráulica | E5: 244.435 | F5: 3.888 | G5: 174.093 | H5: -157.527 | I5: 0.84816004 | J5: 0.81427373 | K5: 0.70318037 | L5: 0.46720644 | Q5: =I5*E5 -> 207.32 | R5: =J5*E5 -> 199.037 | S5: =K5*E5 -> 171.88189 | T5: =L5*E5 -> 114.20161
A6: N | B6: Belo Monte | C6: HIDROELÉTRICA | D6: Hidráulica | E6: 10963.711 | F6: 0 | G6: 3164.203 | H6: -3576.511 | I6: 0.64430347 | J6: 0.66310677 | K6: 0.47156945 | L6: 0.33584078 | Q6: =I6*E6 -> 7063.957 | R6: =J6*E6 -> 7270.111 | S6: =K6*E6 -> 5170.1512 | T6: =L6*E6 -> 3682.0613
A7: N | B7: Bonfim | C7: TÉRMICA | D7: Biomassa | E7: 11.031 | F7: 0 | G7: 8.458 | H7: -9.595 | I7: 0.88337413 | J7: 0.93491071 | K7: 0.56263894 | L7: 0.75564589 | Q7: =I7*E7 -> 9.7445 | R7: =J7*E7 -> 10.313 | S7: =K7*E7 -> 6.2064701 | T7: =L7*E7 -> 8.3355299
A8: N | B8: Cachoeira Caldeirão | C8: HIDROELÉTRICA | D8: Hidráulica | E8: 214.449 | F8: 0 | G8: 114.962 | H8: -151.159 | I8: 0.76804042 | J8: 0.85243578 | K8: 0.52425351 | L8: 0.59622268 | Q8: =I8*E8 -> 164.7055 | R8: =J8*E8 -> 182.804 | S8: =K8*E8 -> 112.42564 | T8: =L8*E8 -> 127.85936
A9: N | B9: Cantá | C9: TÉRMICA | D9: Biomassa | E9: 10.714 | F9: 0 | G9: 9.77 | H9: -9.256 | I9: 0.95594549 | J9: 0.93195819 | K9: 0.64033664 | L9: 0.74756704 | Q9: =I9*E9 -> 10.242 | R9: =J9*E9 -> 9.985 | S9: =K9*E9 -> 6.8605667 | T9: =L9*E9 -> 8.0094333
A10: N | B10: Coaracy Nunes | C10: HIDROELÉTRICA | D10: Hidráulica | E10: 74.23 | F10: 0 | G10: 54.791 | H10: -54.655 | I10: 0.86906237 | J10: 0.8681463 | K10: 0.48930055 | L10: 0.74790813 | Q10: =I10*E10 -> 64.5105 | R10: =J10*E10 -> 64.4425 | S10: =K10*E10 -> 36.32078 | T10: =L10*E10 -> 55.51722
A11: N | B11: Conj. Paulino Neves | C11: EOLIELÉTRICA | D11: Eólica | E11: 414.096 | F11: 0 | G11: 322.986 | H11: -316.318 | I11: 0.88998928 | J11: 0.881938 | K11: 0.6709104 | L11: 0.60101688 | Q11: =I11*E11 -> 368.541 | R11: =J11*E11 -> 365.207 | S11: =K11*E11 -> 277.82131 | T11: =L11*E11 -> 248.87869
A12: N | B12: Cristiano Rocha | C12: TÉRMICA | D12: Gás | E12: 83.188 | F12: 0 | G12: 47.986 | H12: -68.45 | I12: 0.788419 | J12: 0.91141751 | K12: 0.37915261 | L12: 0.82068391 | Q12: =I12*E12 -> 65.587 | R12: =J12*E12 -> 75.819 | S12: =K12*E12 -> 31.540947 | T12: =L12*E12 -> 68.271053
A13: N | B13: Curuá-Una | C13: HIDROELÉTRICA | D13: Hidráulica | E13: 43.668 | F13: 0.174 | G13: 27.16 | H13: -26.435 | I13: 0.80899057 | J13: 0.80068929 | K13: 0.45573411 | L13: 0.65593805 | Q13: =I13*E13 -> 35.327 | R13: =J13*E13 -> 34.9645 | S13: =K13*E13 -> 19.900997 | T13: =L13*E13 -> 28.643503
A14: N | B14: Distrito | C14: TÉRMICA | D14: Óleo Combustível | E14: 40.8 | F14: 0 | G14: 31.579 | H14: -33.417 | I14: 0.88699755 | J14: 0.90952206 | K14: 0.81532046 | L14: 0.48119915 | Q14: =I14*E14 -> 36.1895 | R14: =J14*E14 -> 37.1085 | S14: =K14*E14 -> 33.265075 | T14: =L14*E14 -> 19.632925
A15: N | B15: Estreito | C15: HIDROELÉTRICA | D15: Hidráulica | E15: 1100.02 | F15: 0 | G15: 699.512 | H15: -545.597 | I15: 0.81795422 | J15: 0.74799413 | K15: 0.56741764 | L15: 0.49853071 | Q15: =I15*E15 -> 899.766 | R15: =J15*E15 -> 822.8085 | S15: =K15*E15 -> 624.17075 | T15: =L15*E15 -> 548.39375
A16: N | B16: Ferreira Gomes | C16: HIDROELÉTRICA | D16: Hidráulica | E16: 245.618 | F16: 0 | G16: 118.448 | H16: -205.04 | I16: 0.74112239 | J16: 0.91739612 | K16: 0.48223116 | L16: 0.67628735 | Q16: =I16*E16 -> 182.033 | R16: =J16*E16 -> 225.329 | S16: =K16*E16 -> 118.44465 | T16: =L16*E16 -> 166.10835
... A773: SE | B773: Água Vermelha | C773: HIDROELÉTRICA | D773: Hidráulica | E773: 1354.364 | F773: 0.743 | G773: 640.721 | H773: -669.419 | I773: 0.73626514 | J773: 0.74685978 | K773: 0.50075749 | L773: 0.48264173 | Q773: =I773*E773 -> 997.171 | R773: =J773*E773 -> 1011.52 | S773: =K773*E773 -> 678.20792 | T773: =L773*E773 -> 653.67258
B775: Média Ponderada | G775: Média Horária
A776: Cap (MW) | B776: Tipo | C776: ID UP Ponderado | D776: ID DN Ponderado | F776: Cap (MW) | G776: Tipo | H776: ID UP Ponderado Horário | I776: ID DN Ponderado Horário
A777: =SUMIF($D$2:$D$773,B777,$E$2:$E$773) -> 12 | B777: Multi-Combustível Diesel/Óleo | C777: =SUMIF($D$2:$D$773,B777,$Q$2:$Q$773)/A777 -> 0.95970833 | D777: =SUMIF($D$2:$D$773,B777,$R$2:$R$773)/A777 -> 0.96329167 | F777: =SUMIF($D$2:$D$773,G777,$E$2:$E$773) -> 12 | G777: Multi-Combustível Diesel/Óleo | H777: =SUMIF($D$2:$D$773,G777,$S$2:$S$773)/F777 -> 0.75525658 | I777: =SUMIF($D$2:$D$773,G777,$T$2:$T$773)/F777 -> 0.66774342
A778: =SUMIF($D$2:$D$773,B778,$E$2:$E$773) -> 377.298 | B778: Óleo Diesel | C778: =SUMIF($D$2:$D$773,B778,$Q$2:$Q$773)/A778 -> 0.86418825 | D778: =SUMIF($D$2:$D$773,B778,$R$2:$R$773)/A778 -> 0.88557188 | F778: =SUMIF($D$2:$D$773,G778,$E$2:$E$773) -> 377.298 | G778: Óleo Diesel | H778: =SUMIF($D$2:$D$773,G778,$S$2:$S$773)/F778 -> 0.84313993 | I778: =SUMIF($D$2:$D$773,G778,$T$2:$T$773)/F778 -> 0.4066202
A779: =SUMIF($D$2:$D$773,B779,$E$2:$E$773) -> 3793.698 | B779: Óleo Combustível | C779: =SUMIF($D$2:$D$773,B779,$Q$2:$Q$773)/A779 -> 0.89638408 | D779: =SUMIF($D$2:$D$773,B779,$R$2:$R$773)/A779 -> 0.92523891 | F779: =SUMIF($D$2:$D$773,G779,$E$2:$E$773) -> 3793.698 | G779: Óleo Combustível | H779: =SUMIF($D$2:$D$773,G779,$S$2:$S$773)/F779 -> 0.8880758 | I779: =SUMIF($D$2:$D$773,G779,$T$2:$T$773)/F779 -> 0.43354719
A780: =SUMIF($D$2:$D$773,B780,$E$2:$E$773) -> 15348.726 | B780: Gás | C780: =SUMIF($D$2:$D$773,B780,$Q$2:$Q$773)/A780 -> 0.76318377 | D780: =SUMIF($D$2:$D$773,B780,$R$2:$R$773)/A780 -> 0.87125557 | F780: =SUMIF($D$2:$D$773,G780,$E$2:$E$773) -> 15348.726 | G780: Gás | H780: =SUMIF($D$2:$D$773,G780,$S$2:$S$773)/F780 -> 0.6562864 | I780: =SUMIF($D$2:$D$773,G780,$T$2:$T$773)/F780 -> 0.47815294
A781: =SUMIF($D$2:$D$773,B781,$E$2:$E$773) -> 2018.587 | B781: Nuclear | C781: =SUMIF($D$2:$D$773,B781,$Q$2:$Q$773)/A781 -> 0.76575322 | D781: =SUMIF($D$2:$D$773,B781,$R$2:$R$773)/A781 -> 0.92511965 | F781: =SUMIF($D$2:$D$773,G781,$E$2:$E$773) -> 2018.587 | G781: Nuclear | H781: =SUMIF($D$2:$D$773,G781,$S$2:$S$773)/F781 -> 0.32825338 | I781: =SUMIF($D$2:$D$773,G781,$T$2:$T$773)/F781 -> 0.8626195
A782: =SUMIF($D$2:$D$773,B782,$E$2:$E$773) -> 5040.363 | B782: Outras Multi-Combustível | C782: =SUMIF($D$2:$D$773,B782,$Q$2:$Q$773)/A782 -> 0.89713122 | D782: =SUMIF($D$2:$D$773,B782,$R$2:$R$773)/A782 -> 0.95748134 | F782: =SUMIF($D$2:$D$773,G782,$E$2:$E$773) -> 5040.363 | G782: Outras Multi-Combustível | H782: =SUMIF($D$2:$D$773,G782,$S$2:$S$773)/F782 -> 0.76431971 | I782: =SUMIF($D$2:$D$773,G782,$T$2:$T$773)/F782 -> 0.5903855
A783: =SUMIF($D$2:$D$773,B783,$E$2:$E$773) -> 2981.656 | B783: Biomassa | C783: =SUMIF($D$2:$D$773,B783,$Q$2:$Q$773)/A783 -> 0.77699054 | D783: =SUMIF($D$2:$D$773,B783,$R$2:$R$773)/A783 -> 0.81755424 | F783: =SUMIF($D$2:$D$773,G783,$E$2:$E$773) -> 2981.656 | G783: Biomassa | H783: =SUMIF($D$2:$D$773,G783,$S$2:$S$773)/F783 -> 0.62063494 | I783: =SUMIF($D$2:$D$773,G783,$T$2:$T$773)/F783 -> 0.48976747
A784: =SUMIF($D$2:$D$773,B784,$E$2:$E$773) -> 108770.71 | B784: Hidráulica | C784: =SUMIF($D$2:$D$773,B784,$Q$2:$Q$773)/A784 -> 0.72140698 | D784: =SUMIF($D$2:$D$773,B784,$R$2:$R$773)/A784 -> 0.72630912 | F784: =SUMIF($D$2:$D$773,G784,$E$2:$E$773) -> 108770.71 | G784: Hidráulica | H784: =SUMIF($D$2:$D$773,G784,$S$2:$S$773)/F784 -> 0.52208527 | I784: =SUMIF($D$2:$D$773,G784,$T$2:$T$773)/F784 -> 0.45846729
A785: =SUMIF($D$2:$D$773,B785,$E$2:$E$773) -> 1283.335 | B785: Resíduos Industriais | C785: =SUMIF($D$2:$D$773,B785,$Q$2:$Q$773)/A785 -> 0.7265675 | D785: =SUMIF($D$2:$D$773,B785,$R$2:$R$773)/A785 -> 0.8212427 | F785: =SUMIF($D$2:$D$773,G785,$E$2:$E$773) -> 1283.335 | G785: Resíduos Industriais | H785: =SUMIF($D$2:$D$773,G785,$S$2:$S$773)/F785 -> 0.42755732 | I785: =SUMIF($D$2:$D$773,G785,$T$2:$T$773)/F785 -> 0.62491456
A786: =SUMIF($D$2:$D$773,B786,$E$2:$E$773) -> 3668.514 | B786: Carvão | C786: =SUMIF($D$2:$D$773,B786,$Q$2:$Q$773)/A786 -> 0.65068567 | D786: =SUMIF($D$2:$D$773,B786,$R$2:$R$773)/A786 -> 0.82379105 | F786: =SUMIF($D$2:$D$773,G786,$E$2:$E$773) -> 3668.514 | G786: Carvão | H786: =SUMIF($D$2:$D$773,G786,$S$2:$S$773)/F786 -> 0.47380985 | I786: =SUMIF($D$2:$D$773,G786,$T$2:$T$773)/F786 -> 0.50066688
